Entity,Code,Year,CO₂ emissions per capita
Argentina,ARG,2020,3.6425223
Bolivia,BOL,2020,1.5504168
Brazil,BRA,2020,2.1470218
Chile,CHL,2020,4.1391664
Colombia,COL,2020,1.8231317
Paraguay,PRY,2020,1.1272037
Peru,PER,2020,1.4384526
Suriname,SUR,2020,4.7717237
Uruguay,URY,2020,1.9055269
Venezuela,VEN,2020,2.8442175
