Entity,Code,Year,CO₂ emissions per capita
Benin,BEN,2020,0.42393637
Burkina Faso,BFA,2020,0.26156566
Cape Verde,CPV,2020,1.0108902
Gambia,GMB,2020,0.27817774
Ghana,GHA,2020,0.60098386
Guinea,GIN,2020,0.331328
Guinea-Bissau,GNB,2020,0.15469445
Liberia,LBR,2020,0.15084057
Mali,MLI,2020,0.29152176
Mauritania,MRT,2020,1.0394301
Niger,NER,2020,0.1281763
Nigeria,NGA,2020,0.58365196
Saint Helena,SHN,2020,2.0165107
Senegal,SEN,2020,0.6444607
Sierra Leone,SLE,2020,0.15003191
Togo,TGO,2020,0.31734377
