Entity,Code,Year,CO₂ emissions per capita
Belgium,BEL,2020,7.9076037
Canada,CAN,2020,13.732821
Denmark,DNK,2020,4.8528743
France,FRA,2020,4.271517
Germany,DEU,2020,7.738692
Greece,GRC,2020,5.1944113
Ireland,IRL,2020,7.0349927
Italy,ITA,2020,5.0506783
Netherlands,NLD,2020,7.7664127
Norway,NOR,2020,7.672967
Spain,ESP,2020,4.441423
Sweden,SWE,2020,3.5371203
United Kingdom,GBR,2020,4.84416
United States,USA,2020,13.8168955
