Entity,Code,Year,Trade (% of GDP)
Belgium,BEL,2020,156.95012
Canada,CAN,2020,61.156773
Denmark,DNK,2020,104.43343
France,FRA,2020,58.83889
Germany,DEU,2020,72.93353
Greece,GRC,2020,70.29375
Ireland,IRL,2020,258.78043
Italy,ITA,2020,53.939484
Netherlands,NLD,2020,152.23323
Norway,NOR,2020,65.35398
Spain,ESP,2020,59.44613
Sweden,SWE,2020,84.474594
United Kingdom,GBR,2020,59.15989
United States,USA,2020,23.401564
